Nom Com,Code Iris,Classement de SCORE GLOBAL region 1,Nom Iris,Population,SCORE GLOBAL ,ACCÈS AUX INTERFACES NUMERIQUES,ACCES A L'INFORMATION,COMPETENCES ADMINISTATIVES,COMPÉTENCES NUMÉRIQUES / SCOLAIRES,GLOBAL ACCES,GLOBAL COMPETENCES,,DEPARTEMENTS,SCORE GLOBAL ,ACCÈS AUX INTERFACES NUMERIQUES,ACCES A L'INFORMATION,COMPETENCES ADMINISTATIVES,COMPÉTENCES NUMÉRIQUES / SCOLAIRES,GLOBAL ACCES,GLOBAL COMPETENCES,REGIONS,SCORE GLOBAL ,ACCÈS AUX INTERFACES NUMERIQUES,ACCES A L'INFORMATION,COMPETENCES ADMINISTATIVES,COMPÉTENCES NUMÉRIQUES / SCOLAIRES,GLOBAL ACCES,GLOBAL COMPETENCES
Aast,640010000,45 786,Aast,177,69,109,54,47,76,73,66,,AIN,96.03904555,94.68112798,91.89154013,95.10845987,101.3036876,92.8329718,99.22559653,AUVERGNE RHONE ALPES,92.93585044,93.30956745,86.43731672,87.21957478,102.1092375,88.72415689,97.1497434
Abainville,550010000,40 422,Abainville,305,77,94,35,86,107,54,100,,AIN,96.03904555,94.68112798,91.89154013,95.10845987,101.3036876,92.8329718,99.22559653,AUVERGNE RHONE ALPES,92.93585044,93.30956745,86.43731672,87.21957478,102.1092375,88.72415689,97.1497434
Abancourt,600010000,28 461,Abancourt,648,88,94,58,88,115,70,106,,AIN,96.03904555,94.68112798,91.89154013,95.10845987,101.3036876,92.8329718,99.22559653,AUVERGNE RHONE ALPES,92.93585044,93.30956745,86.43731672,87.21957478,102.1092375,88.72415689,97.1497434
Abancourt,590010000,44 503,Abancourt,461,72,117,50,66,74,72,71,,AIN,96.03904555,94.68112798,91.89154013,95.10845987,101.3036876,92.8329718,99.22559653,AUVERGNE RHONE ALPES,92.93585044,93.30956745,86.43731672,87.21957478,102.1092375,88.72415689,97.1497434
Abaucourt,540010000,12 950,Abaucourt,300,103,100,132,78,88,121,85,,AIN,96.03904555,94.68112798,91.89154013,95.10845987,101.3036876,92.8329718,99.22559653,AUVERGNE RHONE ALPES,92.93585044,93.30956745,86.43731672,87.21957478,102.1092375,88.72415689,97.1497434
